uid,home,away,start_msk,start_utc,text_url,source
897491,"Локомотив","Трактор","2025-09-05T19:30:00+03:00","2025-09-05T16:30:00+00:00","https://text.khl.ru/text/897491.html","text"
897494,"ЦСКА","Динамо М","2025-09-06T12:48:00+03:00","2025-09-06T09:48:00+00:00","https://text.khl.ru/text/897494.html","text"
897495,"Драконы","СКА","2025-09-06T14:49:00+03:00","2025-09-06T11:49:00+00:00","https://text.khl.ru/text/897495.html","text"
897493,"Торпедо","Салават Юлаев","2025-09-06T15:22:00+03:00","2025-09-06T12:22:00+00:00","https://text.khl.ru/text/897493.html","text"
897492,"Металлург Мг","Ак Барс","2025-09-06T21:49:00+03:00","2025-09-06T18:49:00+00:00","https://text.khl.ru/text/897492.html","text"
897496,"Барыс","Трактор","2025-09-07T08:09:00+03:00","2025-09-07T05:09:00+00:00","https://text.khl.ru/text/897496.html","text"
897499,"Сибирь","Амур","2025-09-07T13:30:00+03:00","2025-09-07T10:30:00+00:00","https://text.khl.ru/text/897499.html","text"
897498,"Нефтехимик","Северсталь","2025-09-07T21:41:00+03:00","2025-09-07T18:41:00+00:00","https://text.khl.ru/text/897498.html","text"
897497,"Спартак","ХК Сочи","2025-09-07T23:06:00+03:00","2025-09-07T20:06:00+00:00","https://text.khl.ru/text/897497.html","text"
897501,"Авангард","Ак Барс","2025-09-08T04:37:00+03:00","2025-09-08T01:37:00+00:00","https://text.khl.ru/text/897501.html","text"
897500,"Торпедо","СКА","2025-09-08T06:51:00+03:00","2025-09-08T03:51:00+00:00","https://text.khl.ru/text/897500.html","text"
897502,"Лада","Автомобилист","2025-09-08T08:52:00+03:00","2025-09-08T05:52:00+00:00","https://text.khl.ru/text/897502.html","text"
897504,"Металлург Мг","Салават Юлаев","2025-09-08T14:18:00+03:00","2025-09-08T11:18:00+00:00","https://text.khl.ru/text/897504.html","text"
897503,"Драконы","Адмирал","2025-09-08T19:44:00+03:00","2025-09-08T16:44:00+00:00","https://text.khl.ru/text/897503.html","text"
897509,"Нефтехимик","Трактор","2025-09-09T01:16:00+03:00","2025-09-08T22:16:00+00:00","https://text.khl.ru/text/897509.html","text"
897506,"Спартак","Динамо Мн","2025-09-09T09:09:00+03:00","2025-09-09T06:09:00+00:00","https://text.khl.ru/text/897506.html","text"
897505,"Барыс","Амур","2025-09-09T20:51:00+03:00","2025-09-09T17:51:00+00:00","https://text.khl.ru/text/897505.html","text"
897508,"Динамо М","ХК Сочи","2025-09-09T21:35:00+03:00","2025-09-09T18:35:00+00:00","https://text.khl.ru/text/897508.html","text"
897507,"Локомотив","Северсталь","2025-09-09T21:55:00+03:00","2025-09-09T18:55:00+00:00","https://text.khl.ru/text/897507.html","text"
897510,"Ак Барс","Автомобилист","2025-09-10T04:31:00+03:00","2025-09-10T01:31:00+00:00","https://text.khl.ru/text/897510.html","text"
897511,"ЦСКА","Адмирал","2025-09-10T14:00:00+03:00","2025-09-10T11:00:00+00:00","https://text.khl.ru/text/897511.html","text"
897515,"Спартак","Северсталь","2025-09-11T11:39:00+03:00","2025-09-11T08:39:00+00:00","https://text.khl.ru/text/897515.html","text"
897514,"Металлург Мг","Динамо М","2025-09-11T17:00:00+03:00","2025-09-11T14:00:00+00:00","https://text.khl.ru/text/897514.html","text"
897512,"Авангард","Амур","2025-09-11T21:16:00+03:00","2025-09-11T18:16:00+00:00","https://text.khl.ru/text/897512.html","text"
897513,"Нефтехимик","Динамо Мн","2025-09-11T22:14:00+03:00","2025-09-11T19:14:00+00:00","https://text.khl.ru/text/897513.html","text"
897516,"СКА","Трактор","2025-09-11T23:26:00+03:00","2025-09-11T20:26:00+00:00","https://text.khl.ru/text/897516.html","text"
897520,"Драконы","Локомотив","2025-09-12T06:11:00+03:00","2025-09-12T03:11:00+00:00","https://text.khl.ru/text/897520.html","text"
897521,"Торпедо","Лада","2025-09-12T10:44:00+03:00","2025-09-12T07:44:00+00:00","https://text.khl.ru/text/897521.html","text"
897517,"Сибирь","Адмирал","2025-09-12T15:30:00+03:00","2025-09-12T12:30:00+00:00","https://text.khl.ru/text/897517.html","text"
897519,"ХК Сочи","ЦСКА","2025-09-12T19:30:00+03:00","2025-09-12T16:30:00+00:00","https://text.khl.ru/text/897519.html","text"
897518,"Салават Юлаев","Автомобилист","2025-09-12T23:14:00+03:00","2025-09-12T20:14:00+00:00","https://text.khl.ru/text/897518.html","text"
897523,"Барыс","Динамо Мн","2025-09-13T05:11:00+03:00","2025-09-13T02:11:00+00:00","https://text.khl.ru/text/897523.html","text"
897522,"Авангард","Динамо М","2025-09-13T20:50:00+03:00","2025-09-13T17:50:00+00:00","https://text.khl.ru/text/897522.html","text"
897524,"Нефтехимик","Локомотив","2025-09-14T08:20:00+03:00","2025-09-14T05:20:00+00:00","https://text.khl.ru/text/897524.html","text"
897528,"СКА","Лада","2025-09-14T14:28:00+03:00","2025-09-14T11:28:00+00:00","https://text.khl.ru/text/897528.html","text"
897527,"Ак Барс","Металлург Мг","2025-09-14T17:50:00+03:00","2025-09-14T14:50:00+00:00","https://text.khl.ru/text/897527.html","text"
897525,"Северсталь","ЦСКА","2025-09-14T19:38:00+03:00","2025-09-14T16:38:00+00:00","https://text.khl.ru/text/897525.html","text"
897526,"Спартак","Торпедо","2025-09-14T20:34:00+03:00","2025-09-14T17:34:00+00:00","https://text.khl.ru/text/897526.html","text"
897529,"ХК Сочи","Трактор","2025-09-14T21:41:00+03:00","2025-09-14T18:41:00+00:00","https://text.khl.ru/text/897529.html","text"
897533,"Барыс","Динамо М","2025-09-15T00:40:00+03:00","2025-09-14T21:40:00+00:00","https://text.khl.ru/text/897533.html","text"
897530,"Автомобилист","Салават Юлаев","2025-09-15T12:16:00+03:00","2025-09-15T09:16:00+00:00","https://text.khl.ru/text/897530.html","text"
897534,"Адмирал","Сибирь","2025-09-15T16:28:00+03:00","2025-09-15T13:28:00+00:00","https://text.khl.ru/text/897534.html","text"
897532,"Амур","Драконы","2025-09-15T19:18:00+03:00","2025-09-15T16:18:00+00:00","https://text.khl.ru/text/897532.html","text"
897531,"Авангард","Динамо Мн","2025-09-15T22:19:00+03:00","2025-09-15T19:19:00+00:00","https://text.khl.ru/text/897531.html","text"
897538,"ХК Сочи","Торпедо","2025-09-16T19:30:00+03:00","2025-09-16T16:30:00+00:00","https://text.khl.ru/text/897538.html","text"
897537,"ЦСКА","Спартак","2025-09-16T22:08:00+03:00","2025-09-16T19:08:00+00:00","https://text.khl.ru/text/897537.html","text"
897536,"Северсталь","Металлург Мг","2025-09-16T22:21:00+03:00","2025-09-16T19:21:00+00:00","https://text.khl.ru/text/897536.html","text"
897535,"Лада","Локомотив","2025-09-16T22:32:00+03:00","2025-09-16T19:32:00+00:00","https://text.khl.ru/text/897535.html","text"
897540,"Амур","Сибирь","2025-09-17T03:29:00+03:00","2025-09-17T00:29:00+00:00","https://text.khl.ru/text/897540.html","text"
897543,"Адмирал","Драконы","2025-09-17T12:30:00+03:00","2025-09-17T09:30:00+00:00","https://text.khl.ru/text/897543.html","text"
897542,"Авангард","Салават Юлаев","2025-09-17T16:38:00+03:00","2025-09-17T13:38:00+00:00","https://text.khl.ru/text/897542.html","text"
897539,"Автомобилист","Трактор","2025-09-17T17:00:00+03:00","2025-09-17T14:00:00+00:00","https://text.khl.ru/text/897539.html","text"
897541,"Ак Барс","Нефтехимик","2025-09-17T19:00:00+03:00","2025-09-17T16:00:00+00:00","https://text.khl.ru/text/897541.html","text"
897546,"Лада","Торпедо","2025-09-18T09:54:00+03:00","2025-09-18T06:54:00+00:00","https://text.khl.ru/text/897546.html","text"
897544,"ЦСКА","Локомотив","2025-09-18T12:57:00+03:00","2025-09-18T09:57:00+00:00","https://text.khl.ru/text/897544.html","text"
897545,"Металлург Мг","Барыс","2025-09-18T22:18:00+03:00","2025-09-18T19:18:00+00:00","https://text.khl.ru/text/897545.html","text"
897547,"Автомобилист","Спартак","2025-09-19T02:50:00+03:00","2025-09-18T23:50:00+00:00","https://text.khl.ru/text/897547.html","text"
897551,"Трактор","Нефтехимик","2025-09-19T07:31:00+03:00","2025-09-19T04:31:00+00:00","https://text.khl.ru/text/897551.html","text"
897635,"СКА","Динамо Мн","2025-09-19T10:58:00+03:00","2025-09-19T07:58:00+00:00","https://text.khl.ru/text/897635.html","text"
897550,"Амур","Сибирь","2025-09-19T12:15:00+03:00","2025-09-19T09:15:00+00:00","https://text.khl.ru/text/897550.html","text"
897552,"Ак Барс","Салават Юлаев","2025-09-19T19:00:00+03:00","2025-09-19T16:00:00+00:00","https://text.khl.ru/text/897552.html","text"
897554,"Северсталь","Барыс","2025-09-20T05:47:00+03:00","2025-09-20T02:47:00+00:00","https://text.khl.ru/text/897554.html","text"
897553,"Адмирал","Динамо М","2025-09-20T20:22:00+03:00","2025-09-20T17:22:00+00:00","https://text.khl.ru/text/897553.html","text"
897558,"Ак Барс","Авангард","2025-09-21T00:30:00+03:00","2025-09-20T21:30:00+00:00","https://text.khl.ru/text/897558.html","text"
897555,"Лада","СКА","2025-09-21T01:20:00+03:00","2025-09-20T22:20:00+00:00","https://text.khl.ru/text/897555.html","text"
897557,"Металлург Мг","ЦСКА","2025-09-21T08:31:00+03:00","2025-09-21T05:31:00+00:00","https://text.khl.ru/text/897557.html","text"
897556,"Трактор","Спартак","2025-09-21T20:55:00+03:00","2025-09-21T17:55:00+00:00","https://text.khl.ru/text/897556.html","text"
897559,"Автомобилист","Нефтехимик","2025-09-21T23:06:00+03:00","2025-09-21T20:06:00+00:00","https://text.khl.ru/text/897559.html","text"
897563,"Локомотив","ХК Сочи","2025-09-22T13:11:00+03:00","2025-09-22T10:11:00+00:00","https://text.khl.ru/text/897563.html","text"
897561,"Динамо Мн","Барыс","2025-09-22T19:10:00+03:00","2025-09-22T16:10:00+00:00","https://text.khl.ru/text/897561.html","text"
897560,"Драконы","Торпедо","2025-09-22T19:30:00+03:00","2025-09-22T16:30:00+00:00","https://text.khl.ru/text/897560.html","text"
897564,"Сибирь","Северсталь","2025-09-22T19:58:00+03:00","2025-09-22T16:58:00+00:00","https://text.khl.ru/text/897564.html","text"
897562,"Амур","Динамо М","2025-09-22T21:40:00+03:00","2025-09-22T18:40:00+00:00","https://text.khl.ru/text/897562.html","text"
897567,"Металлург Мг","Спартак","2025-09-23T05:39:00+03:00","2025-09-23T02:39:00+00:00","https://text.khl.ru/text/897567.html","text"
897565,"Адмирал","ЦСКА","2025-09-23T11:22:00+03:00","2025-09-23T08:22:00+00:00","https://text.khl.ru/text/897565.html","text"
897566,"СКА","Авангард","2025-09-23T14:44:00+03:00","2025-09-23T11:44:00+00:00","https://text.khl.ru/text/897566.html","text"
897569,"Динамо Мн","Торпедо","2025-09-24T07:06:00+03:00","2025-09-24T04:06:00+00:00","https://text.khl.ru/text/897569.html","text"
897573,"Лада","ХК Сочи","2025-09-24T11:55:00+03:00","2025-09-24T08:55:00+00:00","https://text.khl.ru/text/897573.html","text"
897568,"Нефтехимик","Автомобилист","2025-09-24T12:58:00+03:00","2025-09-24T09:58:00+00:00","https://text.khl.ru/text/897568.html","text"
897572,"Сибирь","Салават Юлаев","2025-09-24T13:12:00+03:00","2025-09-24T10:12:00+00:00","https://text.khl.ru/text/897572.html","text"
897571,"Динамо М","Драконы","2025-09-24T16:20:00+03:00","2025-09-24T13:20:00+00:00","https://text.khl.ru/text/897571.html","text"
897570,"Локомотив","Северсталь","2025-09-24T19:00:00+03:00","2025-09-24T16:00:00+00:00","https://text.khl.ru/text/897570.html","text"
897574,"Барыс","Ак Барс","2025-09-25T00:14:00+03:00","2025-09-24T21:14:00+00:00","https://text.khl.ru/text/897574.html","text"
897575,"Трактор","Авангард","2025-09-25T13:34:00+03:00","2025-09-25T10:34:00+00:00","https://text.khl.ru/text/897575.html","text"
897576,"Амур","ЦСКА","2025-09-25T16:56:00+03:00","2025-09-25T13:56:00+00:00","https://text.khl.ru/text/897576.html","text"
897577,"Лада","Драконы","2025-09-26T02:08:00+03:00","2025-09-25T23:08:00+00:00","https://text.khl.ru/text/897577.html","text"
897579,"Динамо Мн","Северсталь","2025-09-26T11:03:00+03:00","2025-09-26T08:03:00+00:00","https://text.khl.ru/text/897579.html","text"
897578,"Локомотив","Автомобилист","2025-09-26T21:55:00+03:00","2025-09-26T18:55:00+00:00","https://text.khl.ru/text/897578.html","text"
897583,"Торпедо","Нефтехимик","2025-09-27T09:28:00+03:00","2025-09-27T06:28:00+00:00","https://text.khl.ru/text/897583.html","text"
897548,"ХК Сочи","СКА","2025-09-27T17:00:00+03:00","2025-09-27T14:00:00+00:00","https://text.khl.ru/text/897548.html","text"
897581,"Металлург Мг","Ак Барс","2025-09-27T18:53:00+03:00","2025-09-27T15:53:00+00:00","https://text.khl.ru/text/897581.html","text"
897582,"Салават Юлаев","Авангард","2025-09-27T18:59:00+03:00","2025-09-27T15:59:00+00:00","https://text.khl.ru/text/897582.html","text"
897580,"Барыс","Сибирь","2025-09-27T22:40:00+03:00","2025-09-27T19:40:00+00:00","https://text.khl.ru/text/897580.html","text"
897584,"Спартак","Драконы","2025-09-28T06:18:00+03:00","2025-09-28T03:18:00+00:00","https://text.khl.ru/text/897584.html","text"
897589,"СКА","Торпедо","2025-09-29T13:34:00+03:00","2025-09-29T10:34:00+00:00","https://text.khl.ru/text/897589.html","text"
897588,"Металлург Мг","Сибирь","2025-09-29T17:20:00+03:00","2025-09-29T14:20:00+00:00","https://text.khl.ru/text/897588.html","text"
897587,"Барыс","Адмирал","2025-09-29T17:30:00+03:00","2025-09-29T14:30:00+00:00","https://text.khl.ru/text/897587.html","text"
897585,"Динамо Мн","Локомотив","2025-09-29T20:51:00+03:00","2025-09-29T17:51:00+00:00","https://text.khl.ru/text/897585.html","text"
897586,"Динамо М","Нефтехимик","2025-09-29T21:23:00+03:00","2025-09-29T18:23:00+00:00","https://text.khl.ru/text/897586.html","text"
897590,"Автомобилист","Ак Барс","2025-09-29T23:49:00+03:00","2025-09-29T20:49:00+00:00","https://text.khl.ru/text/897590.html","text"
897592,"ХК Сочи","Лада","2025-09-30T03:09:00+03:00","2025-09-30T00:09:00+00:00","https://text.khl.ru/text/897592.html","text"
897591,"Спартак","Трактор","2025-09-30T18:21:00+03:00","2025-09-30T15:21:00+00:00","https://text.khl.ru/text/897591.html","text"
897596,"Барыс","Локомотив","2025-10-01T03:19:00+03:00","2025-10-01T00:19:00+00:00","https://text.khl.ru/text/897596.html","text"
897598,"Динамо Мн","Северсталь","2025-10-01T13:23:00+03:00","2025-10-01T10:23:00+00:00","https://text.khl.ru/text/897598.html","text"
897595,"Автомобилист","Амур","2025-10-01T17:41:00+03:00","2025-10-01T14:41:00+00:00","https://text.khl.ru/text/897595.html","text"
897593,"Салават Юлаев","Сибирь","2025-10-01T18:16:00+03:00","2025-10-01T15:16:00+00:00","https://text.khl.ru/text/897593.html","text"
897880,"СКА","Торпедо","2025-10-01T19:30:00+03:00","2025-10-01T16:30:00+00:00","https://text.khl.ru/text/897880.html","text"
897594,"Авангард","Адмирал","2025-10-01T22:07:00+03:00","2025-10-01T19:07:00+00:00","https://text.khl.ru/text/897594.html","text"
897600,"Динамо М","Трактор","2025-10-02T19:30:00+03:00","2025-10-02T16:30:00+00:00","https://text.khl.ru/text/897600.html","text"
897599,"Нефтехимик","Лада","2025-10-02T19:54:00+03:00","2025-10-02T16:54:00+00:00","https://text.khl.ru/text/897599.html","text"
897604,"Торпедо","Северсталь","2025-10-03T07:12:00+03:00","2025-10-03T04:12:00+00:00","https://text.khl.ru/text/897604.html","text"
897605,"Авангард","Локомотив","2025-10-03T12:56:00+03:00","2025-10-03T09:56:00+00:00","https://text.khl.ru/text/897605.html","text"
897603,"Ак Барс","Амур","2025-10-03T13:01:00+03:00","2025-10-03T10:01:00+00:00","https://text.khl.ru/text/897603.html","text"
897601,"ХК Сочи","Адмирал","2025-10-03T15:19:00+03:00","2025-10-03T12:19:00+00:00","https://text.khl.ru/text/897601.html","text"
897602,"Спартак","СКА","2025-10-03T19:00:00+03:00","2025-10-03T16:00:00+00:00","https://text.khl.ru/text/897602.html","text"
897606,"ЦСКА","Металлург Мг","2025-10-03T21:48:00+03:00","2025-10-03T18:48:00+00:00","https://text.khl.ru/text/897606.html","text"
897608,"Драконы","Трактор","2025-10-04T08:26:00+03:00","2025-10-04T05:26:00+00:00","https://text.khl.ru/text/897608.html","text"
897607,"Нефтехимик","Автомобилист","2025-10-04T10:33:00+03:00","2025-10-04T07:33:00+00:00","https://text.khl.ru/text/897607.html","text"
897610,"Салават Юлаев","ХК Сочи","2025-10-05T00:32:00+03:00","2025-10-04T21:32:00+00:00","https://text.khl.ru/text/897610.html","text"
897615,"Лада","Адмирал","2025-10-05T06:20:00+03:00","2025-10-05T03:20:00+00:00","https://text.khl.ru/text/897615.html","text"
897611,"Торпедо","Динамо М","2025-10-05T07:51:00+03:00","2025-10-05T04:51:00+00:00","https://text.khl.ru/text/897611.html","text"
897614,"Ак Барс","Амур","2025-10-05T10:52:00+03:00","2025-10-05T07:52:00+00:00","https://text.khl.ru/text/897614.html","text"
897612,"Сибирь","Барыс","2025-10-05T13:30:00+03:00","2025-10-05T10:30:00+00:00","https://text.khl.ru/text/897612.html","text"
897609,"Спартак","Металлург Мг","2025-10-05T15:41:00+03:00","2025-10-05T12:41:00+00:00","https://text.khl.ru/text/897609.html","text"
897613,"ЦСКА","Северсталь","2025-10-05T22:17:00+03:00","2025-10-05T19:17:00+00:00","https://text.khl.ru/text/897613.html","text"
897617,"Авангард","Автомобилист","2025-10-06T03:14:00+03:00","2025-10-06T00:14:00+00:00","https://text.khl.ru/text/897617.html","text"
897618,"Локомотив","СКА","2025-10-06T10:14:00+03:00","2025-10-06T07:14:00+00:00","https://text.khl.ru/text/897618.html","text"
897616,"Динамо Мн","Трактор","2025-10-06T21:22:00+03:00","2025-10-06T18:22:00+00:00","https://text.khl.ru/text/897616.html","text"
897620,"Нефтехимик","Амур","2025-10-07T01:53:00+03:00","2025-10-06T22:53:00+00:00","https://text.khl.ru/text/897620.html","text"
897621,"Ак Барс","Барыс","2025-10-07T03:46:00+03:00","2025-10-07T00:46:00+00:00","https://text.khl.ru/text/897621.html","text"
897619,"Спартак","Драконы","2025-10-07T08:40:00+03:00","2025-10-07T05:40:00+00:00","https://text.khl.ru/text/897619.html","text"
897623,"Лада","ХК Сочи","2025-10-07T09:45:00+03:00","2025-10-07T06:45:00+00:00","https://text.khl.ru/text/897623.html","text"
897622,"Торпедо","Металлург Мг","2025-10-07T10:49:00+03:00","2025-10-07T07:49:00+00:00","https://text.khl.ru/text/897622.html","text"
897624,"Автомобилист","СКА","2025-10-08T17:00:00+03:00","2025-10-08T14:00:00+00:00","https://text.khl.ru/text/897624.html","text"
897625,"Динамо М","Салават Юлаев","2025-10-08T23:52:00+03:00","2025-10-08T20:52:00+00:00","https://text.khl.ru/text/897625.html","text"
897626,"Нефтехимик","Амур","2025-10-09T12:47:00+03:00","2025-10-09T09:47:00+00:00","https://text.khl.ru/text/897626.html","text"
897629,"Северсталь","ХК Сочи","2025-10-09T17:53:00+03:00","2025-10-09T14:53:00+00:00","https://text.khl.ru/text/897629.html","text"
897627,"Драконы","Динамо Мн","2025-10-09T19:40:00+03:00","2025-10-09T16:40:00+00:00","https://text.khl.ru/text/897627.html","text"
897628,"Трактор","Барыс","2025-10-09T22:48:00+03:00","2025-10-09T19:48:00+00:00","https://text.khl.ru/text/897628.html","text"
897633,"Лада","Сибирь","2025-10-10T09:57:00+03:00","2025-10-10T06:57:00+00:00","https://text.khl.ru/text/897633.html","text"
897634,"Динамо М","ЦСКА","2025-10-10T17:11:00+03:00","2025-10-10T14:11:00+00:00","https://text.khl.ru/text/897634.html","text"
897630,"Автомобилист","Авангард","2025-10-10T17:48:00+03:00","2025-10-10T14:48:00+00:00","https://text.khl.ru/text/897630.html","text"
897632,"Спартак","Салават Юлаев","2025-10-10T19:30:00+03:00","2025-10-10T16:30:00+00:00","https://text.khl.ru/text/897632.html","text"
897631,"Металлург Мг","Торпедо","2025-10-10T22:30:00+03:00","2025-10-10T19:30:00+00:00","https://text.khl.ru/text/897631.html","text"
897636,"Трактор","Локомотив","2025-10-11T16:11:00+03:00","2025-10-11T13:11:00+00:00","https://text.khl.ru/text/897636.html","text"
897549,"Драконы","Динамо Мн","2025-10-11T17:00:00+03:00","2025-10-11T14:00:00+00:00","https://text.khl.ru/text/897549.html","text"
897637,"Нефтехимик","Сибирь","2025-10-12T05:09:00+03:00","2025-10-12T02:09:00+00:00","https://text.khl.ru/text/897637.html","text"
897639,"Барыс","Торпедо","2025-10-12T08:21:00+03:00","2025-10-12T05:21:00+00:00","https://text.khl.ru/text/897639.html","text"
897640,"ЦСКА","Ак Барс","2025-10-12T14:27:00+03:00","2025-10-12T11:27:00+00:00","https://text.khl.ru/text/897640.html","text"
897638,"Металлург Мг","Авангард","2025-10-12T17:52:00+03:00","2025-10-12T14:52:00+00:00","https://text.khl.ru/text/897638.html","text"
897642,"Северсталь","Локомотив","2025-10-13T13:09:00+03:00","2025-10-13T10:09:00+00:00","https://text.khl.ru/text/897642.html","text"
897641,"СКА","Автомобилист","2025-10-13T16:11:00+03:00","2025-10-13T13:11:00+00:00","https://text.khl.ru/text/897641.html","text"
897644,"Динамо Мн","Торпедо","2025-10-14T10:58:00+03:00","2025-10-14T07:58:00+00:00","https://text.khl.ru/text/897644.html","text"
897645,"Салават Юлаев","Ак Барс","2025-10-14T13:38:00+03:00","2025-10-14T10:38:00+00:00","https://text.khl.ru/text/897645.html","text"
897643,"Барыс","Сибирь","2025-10-14T15:01:00+03:00","2025-10-14T12:01:00+00:00","https://text.khl.ru/text/897643.html","text"
897646,"Трактор","Авангард","2025-10-14T22:43:00+03:00","2025-10-14T19:43:00+00:00","https://text.khl.ru/text/897646.html","text"
897661,"Драконы","Динамо М","2025-10-14T23:01:00+03:00","2025-10-14T20:01:00+00:00","https://text.khl.ru/text/897661.html","text"
897649,"Амур","Спартак","2025-10-15T10:43:00+03:00","2025-10-15T07:43:00+00:00","https://text.khl.ru/text/897649.html","text"
897647,"Адмирал","Лада","2025-10-15T11:40:00+03:00","2025-10-15T08:40:00+00:00","https://text.khl.ru/text/897647.html","text"
897650,"Северсталь","Автомобилист","2025-10-15T14:41:00+03:00","2025-10-15T11:41:00+00:00","https://text.khl.ru/text/897650.html","text"
897648,"СКА","Нефтехимик","2025-10-15T18:11:00+03:00","2025-10-15T15:11:00+00:00","https://text.khl.ru/text/897648.html","text"
897651,"Локомотив","ЦСКА","2025-10-15T19:34:00+03:00","2025-10-15T16:34:00+00:00","https://text.khl.ru/text/897651.html","text"
897655,"Барыс","Авангард","2025-10-16T05:24:00+03:00","2025-10-16T02:24:00+00:00","https://text.khl.ru/text/897655.html","text"
897653,"Драконы","Динамо М","2025-10-16T09:03:00+03:00","2025-10-16T06:03:00+00:00","https://text.khl.ru/text/897653.html","text"
897654,"Сибирь","Ак Барс","2025-10-16T18:00:00+03:00","2025-10-16T15:00:00+00:00","https://text.khl.ru/text/897654.html","text"
897652,"Металлург Мг","Салават Юлаев","2025-10-16T22:41:00+03:00","2025-10-16T19:41:00+00:00","https://text.khl.ru/text/897652.html","text"
897656,"Динамо Мн","Нефтехимик","2025-10-17T07:35:00+03:00","2025-10-17T04:35:00+00:00","https://text.khl.ru/text/897656.html","text"
897657,"Амур","Лада","2025-10-17T12:15:00+03:00","2025-10-17T09:15:00+00:00","https://text.khl.ru/text/897657.html","text"
897658,"ХК Сочи","Автомобилист","2025-10-17T18:32:00+03:00","2025-10-17T15:32:00+00:00","https://text.khl.ru/text/897658.html","text"
897659,"Адмирал","Спартак","2025-10-17T19:01:00+03:00","2025-10-17T16:01:00+00:00","https://text.khl.ru/text/897659.html","text"
897660,"Торпедо","ЦСКА","2025-10-17T20:52:00+03:00","2025-10-17T17:52:00+00:00","https://text.khl.ru/text/897660.html","text"
897663,"Трактор","Салават Юлаев","2025-10-18T14:00:00+03:00","2025-10-18T11:00:00+00:00","https://text.khl.ru/text/897663.html","text"
897662,"Барыс","Ак Барс","2025-10-18T16:25:00+03:00","2025-10-18T13:25:00+00:00","https://text.khl.ru/text/897662.html","text"
897714,"СКА","Локомотив","2025-10-18T18:07:00+03:00","2025-10-18T15:07:00+00:00","https://text.khl.ru/text/897714.html","text"
897667,"Амур","Северсталь","2025-10-19T02:40:00+03:00","2025-10-18T23:40:00+00:00","https://text.khl.ru/text/897667.html","text"
897668,"Торпедо","Лада","2025-10-19T07:52:00+03:00","2025-10-19T04:52:00+00:00","https://text.khl.ru/text/897668.html","text"
897666,"Авангард","Автомобилист","2025-10-19T19:04:00+03:00","2025-10-19T16:04:00+00:00","https://text.khl.ru/text/897666.html","text"
897665,"Металлург Мг","Нефтехимик","2025-10-19T23:09:00+03:00","2025-10-19T20:09:00+00:00","https://text.khl.ru/text/897665.html","text"
897670,"ЦСКА","Динамо Мн","2025-10-20T11:32:00+03:00","2025-10-20T08:32:00+00:00","https://text.khl.ru/text/897670.html","text"
897669,"Динамо М","Локомотив","2025-10-20T14:57:00+03:00","2025-10-20T11:57:00+00:00","https://text.khl.ru/text/897669.html","text"
897673,"Спартак","Драконы","2025-10-21T03:22:00+03:00","2025-10-21T00:22:00+00:00","https://text.khl.ru/text/897673.html","text"
897674,"Адмирал","Северсталь","2025-10-21T12:30:00+03:00","2025-10-21T09:30:00+00:00","https://text.khl.ru/text/897674.html","text"
897672,"Салават Юлаев","Трактор","2025-10-21T22:38:00+03:00","2025-10-21T19:38:00+00:00","https://text.khl.ru/text/897672.html","text"
897671,"Сибирь","Металлург Мг","2025-10-21T23:45:00+03:00","2025-10-21T20:45:00+00:00","https://text.khl.ru/text/897671.html","text"
897677,"ХК Сочи","Торпедо","2025-10-22T01:14:00+03:00","2025-10-21T22:14:00+00:00","https://text.khl.ru/text/897677.html","text"
897676,"СКА","ЦСКА","2025-10-22T02:58:00+03:00","2025-10-21T23:58:00+00:00","https://text.khl.ru/text/897676.html","text"
897678,"Лада","Динамо Мн","2025-10-22T18:00:00+03:00","2025-10-22T15:00:00+00:00","https://text.khl.ru/text/897678.html","text"
897675,"Ак Барс","Локомотив","2025-10-22T19:00:00+03:00","2025-10-22T16:00:00+00:00","https://text.khl.ru/text/897675.html","text"
897679,"Сибирь","Салават Юлаев","2025-10-23T15:30:00+03:00","2025-10-23T12:30:00+00:00","https://text.khl.ru/text/897679.html","text"
897687,"Барыс","Амур","2025-10-24 17:30","2025-10-24 14:30","https://text.khl.ru/text/897687.html","ics"
897684,"Лада","Торпедо","2025-10-24 18:00","2025-10-24 15:00","https://text.khl.ru/text/897684.html","ics"
897686,"Динамо Мн","Драконы","2025-10-24 19:10","2025-10-24 16:10","https://text.khl.ru/text/897686.html","ics"
897685,"СКА","ХК Сочи","2025-10-24 19:30","2025-10-24 16:30","https://text.khl.ru/text/897685.html","ics"
897688,"Сибирь","Трактор","2025-10-25 13:30","2025-10-25 10:30","https://text.khl.ru/text/897688.html","ics"
897689,"Нефтехимик","Салават Юлаев","2025-10-25T14:00:00+03:00","2025-10-25T11:00:00+00:00","https://text.khl.ru/text/897689.html","text"
897690,"Ак Барс","Адмирал","2025-10-25T17:00:00+03:00","2025-10-25T14:00:00+00:00","https://text.khl.ru/text/897690.html","text"
897691,"ЦСКА","Амур","2025-10-26T17:00:00+03:00","2025-10-26T14:00:00+00:00","https://text.khl.ru/text/897691.html","text"
897692,"Торпедо","Автомобилист","2025-10-26T17:00:00+03:00","2025-10-26T14:00:00+00:00","https://text.khl.ru/text/897692.html","text"
897693,"Северсталь","Драконы","2025-10-26T17:00:00+03:00","2025-10-26T14:00:00+00:00","https://text.khl.ru/text/897693.html","text"
897694,"Спартак","ХК Сочи","2025-10-26T17:00:00+03:00","2025-10-26T14:00:00+00:00","https://text.khl.ru/text/897694.html","text"
897696,"Авангард","Металлург Мг","2025-10-27T16:30:00+03:00","2025-10-27T13:30:00+00:00","https://text.khl.ru/text/897696.html","text"
897695,"Нефтехимик","Барыс","2025-10-27T19:00:00+03:00","2025-10-27T16:00:00+00:00","https://text.khl.ru/text/897695.html","text"
897697,"Ак Барс","Адмирал","2025-10-27T19:00:00+03:00","2025-10-27T16:00:00+00:00","https://text.khl.ru/text/897697.html","text"
897702,"Трактор","Автомобилист","2025-10-28T17:00:00+03:00","2025-10-28T14:00:00+00:00","https://text.khl.ru/text/897702.html","text"
897703,"Северсталь","Амур","2025-10-28T19:00:00+03:00","2025-10-28T16:00:00+00:00","https://text.khl.ru/text/897703.html","text"
897698,"Динамо Мн","ХК Сочи","2025-10-28T19:10:00+03:00","2025-10-28T16:10:00+00:00","https://text.khl.ru/text/897698.html","text"
897699,"Спартак","ЦСКА","2025-10-28T19:30:00+03:00","2025-10-28T16:30:00+00:00","https://text.khl.ru/text/897699.html","text"
897700,"Локомотив","Лада","2025-10-28T19:30:00+03:00","2025-10-28T16:30:00+00:00","https://text.khl.ru/text/897700.html","text"
897701,"Драконы","Динамо М","2025-10-28T19:30:00+03:00","2025-10-28T16:30:00+00:00","https://text.khl.ru/text/897701.html","text"
897707,"Авангард","Барыс","2025-10-29T16:30:00+03:00","2025-10-29T13:30:00+00:00","https://text.khl.ru/text/897707.html","text"
897705,"Салават Юлаев","Адмирал","2025-10-29T17:00:00+03:00","2025-10-29T14:00:00+00:00","https://text.khl.ru/text/897705.html","text"
897706,"Ак Барс","Металлург Мг","2025-10-29T19:00:00+03:00","2025-10-29T16:00:00+00:00","https://text.khl.ru/text/897706.html","text"
897704,"СКА","Сибирь","2025-10-29T19:30:00+03:00","2025-10-29T16:30:00+00:00","https://text.khl.ru/text/897704.html","text"
897708,"Северсталь","Динамо М","2025-10-30T19:00:00+03:00","2025-10-30T16:00:00+00:00","https://text.khl.ru/text/897708.html","text"
897710,"Торпедо","Лада","2025-10-30T19:00:00+03:00","2025-10-30T16:00:00+00:00","https://text.khl.ru/text/897710.html","text"
897709,"Динамо Мн","Амур","2025-10-30T19:10:00+03:00","2025-10-30T16:10:00+00:00","https://text.khl.ru/text/897709.html","text"
897711,"Автомобилист","Сибирь","2025-10-31T17:00:00+03:00","2025-10-31T14:00:00+00:00","https://text.khl.ru/text/897711.html","text"
897712,"Трактор","Барыс","2025-10-31T17:00:00+03:00","2025-10-31T14:00:00+00:00","https://text.khl.ru/text/897712.html","text"
897713,"Салават Юлаев","Адмирал","2025-10-31T17:00:00+03:00","2025-10-31T14:00:00+00:00","https://text.khl.ru/text/897713.html","text"
897664,"Локомотив","СКА","2025-10-31T19:30:00+03:00","2025-10-31T16:30:00+00:00","https://text.khl.ru/text/897664.html","text"
897718,"Авангард","Нефтехимик","2025-11-01T16:30:00+03:00","2025-11-01T13:30:00+00:00","https://text.khl.ru/text/897718.html","text"
897716,"Ак Барс","Лада","2025-11-01T19:00:00+03:00","2025-11-01T16:00:00+00:00","https://text.khl.ru/text/897716.html","text"
897717,"Северсталь","Драконы","2025-11-01T19:00:00+03:00","2025-11-01T16:00:00+00:00","https://text.khl.ru/text/897717.html","text"
897715,"Динамо М","ЦСКА","2025-11-01T19:30:00+03:00","2025-11-01T16:30:00+00:00","https://text.khl.ru/text/897715.html","text"
897722,"Амур","Адмирал","2025-11-02T10:00:00+03:00","2025-11-02T07:00:00+00:00","https://text.khl.ru/text/897722.html","text"
897719,"Трактор","Сибирь","2025-11-02T14:00:00+03:00","2025-11-02T11:00:00+00:00","https://text.khl.ru/text/897719.html","text"
897721,"Салават Юлаев","Локомотив","2025-11-02T14:30:00+03:00","2025-11-02T11:30:00+00:00","https://text.khl.ru/text/897721.html","text"
897720,"Автомобилист","Торпедо","2025-11-02T15:00:00+03:00","2025-11-02T12:00:00+00:00","https://text.khl.ru/text/897720.html","text"
897723,"ХК Сочи","Спартак","2025-11-02T17:00:00+03:00","2025-11-02T14:00:00+00:00","https://text.khl.ru/text/897723.html","text"
897725,"Металлург Мг","Драконы","2025-11-03T14:30:00+03:00","2025-11-03T11:30:00+00:00","https://text.khl.ru/text/897725.html","text"
897727,"Барыс","Нефтехимик","2025-11-03T17:30:00+03:00","2025-11-03T14:30:00+00:00","https://text.khl.ru/text/897727.html","text"
897724,"Динамо Мн","ЦСКА","2025-11-03T19:10:00+03:00","2025-11-03T16:10:00+00:00","https://text.khl.ru/text/897724.html","text"
897728,"Сибирь","Торпедо","2025-11-04T13:30:00+03:00","2025-11-04T10:30:00+00:00","https://text.khl.ru/text/897728.html","text"
897726,"СКА","Динамо М","2025-11-04T17:00:00+03:00","2025-11-04T14:00:00+00:00","https://text.khl.ru/text/897726.html","text"
897729,"ХК Сочи","Спартак","2025-11-04T17:00:00+03:00","2025-11-04T14:00:00+00:00","https://text.khl.ru/text/897729.html","text"
897731,"Амур","Авангард","2025-11-05T12:15:00+03:00","2025-11-05T09:15:00+00:00","https://text.khl.ru/text/897731.html","text"
897732,"Адмирал","Металлург Мг","2025-11-05T12:30:00+03:00","2025-11-05T09:30:00+00:00","https://text.khl.ru/text/897732.html","text"
897734,"Трактор","Нефтехимик","2025-11-05T17:00:00+03:00","2025-11-05T14:00:00+00:00","https://text.khl.ru/text/897734.html","text"
897733,"Барыс","Салават Юлаев","2025-11-05T17:30:00+03:00","2025-11-05T14:30:00+00:00","https://text.khl.ru/text/897733.html","text"
897737,"Локомотив","Спартак","2025-11-06T19:00:00+03:00","2025-11-06T16:00:00+00:00","https://text.khl.ru/text/897737.html","text"
897738,"Динамо Мн","Ак Барс","2025-11-06T19:10:00+03:00","2025-11-06T16:10:00+00:00","https://text.khl.ru/text/897738.html","text"
897730,"СКА","Драконы","2025-11-06T19:30:00+03:00","2025-11-06T16:30:00+00:00","https://text.khl.ru/text/897730.html","text"
897735,"Динамо М","Лада","2025-11-06T19:30:00+03:00","2025-11-06T16:30:00+00:00","https://text.khl.ru/text/897735.html","text"
897736,"ЦСКА","Торпедо","2025-11-06T19:30:00+03:00","2025-11-06T16:30:00+00:00","https://text.khl.ru/text/897736.html","text"
897739,"ХК Сочи","Северсталь","2025-11-06T19:30:00+03:00","2025-11-06T16:30:00+00:00","https://text.khl.ru/text/897739.html","text"
897740,"Амур","Металлург Мг","2025-11-07T12:15:00+03:00","2025-11-07T09:15:00+00:00","https://text.khl.ru/text/897740.html","text"
897743,"Адмирал","Авангард","2025-11-07T12:30:00+03:00","2025-11-07T09:30:00+00:00","https://text.khl.ru/text/897743.html","text"
897742,"Барыс","Автомобилист","2025-11-07T17:30:00+03:00","2025-11-07T14:30:00+00:00","https://text.khl.ru/text/897742.html","text"
897741,"Нефтехимик","Салават Юлаев","2025-11-07T19:00:00+03:00","2025-11-07T16:00:00+00:00","https://text.khl.ru/text/897741.html","text"
897744,"Драконы","Северсталь","2025-11-08T17:00:00+03:00","2025-11-08T14:00:00+00:00","https://text.khl.ru/text/897744.html","text"
897745,"Локомотив","Ак Барс","2025-11-08T17:00:00+03:00","2025-11-08T14:00:00+00:00","https://text.khl.ru/text/897745.html","text"
897746,"ЦСКА","Сибирь","2025-11-08T17:00:00+03:00","2025-11-08T14:00:00+00:00","https://text.khl.ru/text/897746.html","text"
897748,"Динамо М","СКА","2025-11-08T17:00:00+03:00","2025-11-08T14:00:00+00:00","https://text.khl.ru/text/897748.html","text"
897747,"Динамо Мн","Лада","2025-11-08T17:10:00+03:00","2025-11-08T14:10:00+00:00","https://text.khl.ru/text/897747.html","text"
897749,"Амур","Автомобилист","2025-11-09T10:00:00+03:00","2025-11-09T07:00:00+00:00","https://text.khl.ru/text/897749.html","text"
897751,"Адмирал","Трактор","2025-11-09T10:00:00+03:00","2025-11-09T07:00:00+00:00","https://text.khl.ru/text/897751.html","text"
897750,"Барыс","Металлург Мг","2025-11-09T15:00:00+03:00","2025-11-09T12:00:00+00:00","https://text.khl.ru/text/897750.html","text"
897755,"Авангард","СКА","2025-11-10T16:30:00+03:00","2025-11-10T13:30:00+00:00","https://text.khl.ru/text/897755.html","text"
897756,"Салават Юлаев","Лада","2025-11-10T17:00:00+03:00","2025-11-10T14:00:00+00:00","https://text.khl.ru/text/897756.html","text"
897753,"Нефтехимик","Ак Барс","2025-11-10T19:00:00+03:00","2025-11-10T16:00:00+00:00","https://text.khl.ru/text/897753.html","text"
897754,"Торпедо","Локомотив","2025-11-10T19:00:00+03:00","2025-11-10T16:00:00+00:00","https://text.khl.ru/text/897754.html","text"
897757,"Динамо Мн","ХК Сочи","2025-11-10T19:10:00+03:00","2025-11-10T16:10:00+00:00","https://text.khl.ru/text/897757.html","text"
897752,"Спартак","Сибирь","2025-11-10T19:30:00+03:00","2025-11-10T16:30:00+00:00","https://text.khl.ru/text/897752.html","text"
897758,"ЦСКА","Северсталь","2025-11-10T19:30:00+03:00","2025-11-10T16:30:00+00:00","https://text.khl.ru/text/897758.html","text"
897759,"Динамо М","Драконы","2025-11-10T19:30:00+03:00","2025-11-10T16:30:00+00:00","https://text.khl.ru/text/897759.html","text"
897760,"Амур","Трактор","2025-11-11T12:15:00+03:00","2025-11-11T09:15:00+00:00","https://text.khl.ru/text/897760.html","text"
897761,"Адмирал","Автомобилист","2025-11-11T12:30:00+03:00","2025-11-11T09:30:00+00:00","https://text.khl.ru/text/897761.html","text"
897763,"Салават Юлаев","СКА","2025-11-12T17:00:00+03:00","2025-11-12T14:00:00+00:00","https://text.khl.ru/text/897763.html","text"
897766,"Металлург Мг","Лада","2025-11-12T17:00:00+03:00","2025-11-12T14:00:00+00:00","https://text.khl.ru/text/897766.html","text"
897764,"Торпедо","ХК Сочи","2025-11-12T19:00:00+03:00","2025-11-12T16:00:00+00:00","https://text.khl.ru/text/897764.html","text"
897765,"Динамо Мн","Сибирь","2025-11-12T19:10:00+03:00","2025-11-12T16:10:00+00:00","https://text.khl.ru/text/897765.html","text"
897762,"Спартак","Локомотив","2025-11-12T19:30:00+03:00","2025-11-12T16:30:00+00:00","https://text.khl.ru/text/897762.html","text"
897767,"Авангард","Трактор","2025-11-13T16:30:00+03:00","2025-11-13T13:30:00+00:00","https://text.khl.ru/text/897767.html","text"
897768,"Ак Барс","Динамо М","2025-11-13T19:00:00+03:00","2025-11-13T16:00:00+00:00","https://text.khl.ru/text/897768.html","text"
897770,"Нефтехимик","ЦСКА","2025-11-14T19:00:00+03:00","2025-11-14T16:00:00+00:00","https://text.khl.ru/text/897770.html","text"
897769,"Спартак","Северсталь","2025-11-14T19:30:00+03:00","2025-11-14T16:30:00+00:00","https://text.khl.ru/text/897769.html","text"
897773,"Сибирь","Динамо М","2025-11-15T13:30:00+03:00","2025-11-15T10:30:00+00:00","https://text.khl.ru/text/897773.html","text"
897771,"ХК Сочи","Драконы","2025-11-15T17:00:00+03:00","2025-11-15T14:00:00+00:00","https://text.khl.ru/text/897771.html","text"
897772,"Локомотив","Барыс","2025-11-15T17:00:00+03:00","2025-11-15T14:00:00+00:00","https://text.khl.ru/text/897772.html","text"
897775,"Амур","Адмирал","2025-11-16T10:00:00+03:00","2025-11-16T07:00:00+00:00","https://text.khl.ru/text/897775.html","text"
897774,"Трактор","Автомобилист","2025-11-16T14:00:00+03:00","2025-11-16T11:00:00+00:00","https://text.khl.ru/text/897774.html","text"
897776,"Лада","Нефтехимик","2025-11-16T16:00:00+03:00","2025-11-16T13:00:00+00:00","https://text.khl.ru/text/897776.html","text"
897777,"Северсталь","ЦСКА","2025-11-16T17:00:00+03:00","2025-11-16T14:00:00+00:00","https://text.khl.ru/text/897777.html","text"
897778,"Ак Барс","Динамо Мн","2025-11-16T17:00:00+03:00","2025-11-16T14:00:00+00:00","https://text.khl.ru/text/897778.html","text"
897779,"Торпедо","Авангард","2025-11-16T17:00:00+03:00","2025-11-16T14:00:00+00:00","https://text.khl.ru/text/897779.html","text"
897780,"СКА","Металлург Мг","2025-11-16T17:00:00+03:00","2025-11-16T14:00:00+00:00","https://text.khl.ru/text/897780.html","text"
897781,"Сибирь","Драконы","2025-11-17T15:30:00+03:00","2025-11-17T12:30:00+00:00","https://text.khl.ru/text/897781.html","text"
897783,"Локомотив","Салават Юлаев","2025-11-17T19:00:00+03:00","2025-11-17T16:00:00+00:00","https://text.khl.ru/text/897783.html","text"
897782,"ХК Сочи","Барыс","2025-11-17T19:30:00+03:00","2025-11-17T16:30:00+00:00","https://text.khl.ru/text/897782.html","text"
897784,"Трактор","Металлург Мг","2025-11-18T17:00:00+03:00","2025-11-18T14:00:00+00:00","https://text.khl.ru/text/897784.html","text"
897790,"Автомобилист","Нефтехимик","2025-11-18T17:00:00+03:00","2025-11-18T14:00:00+00:00","https://text.khl.ru/text/897790.html","text"
897789,"Лада","Авангард","2025-11-18T18:00:00+03:00","2025-11-18T15:00:00+00:00","https://text.khl.ru/text/897789.html","text"
897785,"Северсталь","Динамо Мн","2025-11-18T19:00:00+03:00","2025-11-18T16:00:00+00:00","https://text.khl.ru/text/897785.html","text"
897786,"Ак Барс","ЦСКА","2025-11-18T19:00:00+03:00","2025-11-18T16:00:00+00:00","https://text.khl.ru/text/897786.html","text"
897788,"Торпедо","Адмирал","2025-11-18T19:00:00+03:00","2025-11-18T16:00:00+00:00","https://text.khl.ru/text/897788.html","text"
897787,"Динамо М","Спартак","2025-11-18T19:30:00+03:00","2025-11-18T16:30:00+00:00","https://text.khl.ru/text/897787.html","text"
897791,"Локомотив","Драконы","2025-11-19T19:00:00+03:00","2025-11-19T16:00:00+00:00","https://text.khl.ru/text/897791.html","text"
897792,"ХК Сочи","Салават Юлаев","2025-11-19T19:30:00+03:00","2025-11-19T16:30:00+00:00","https://text.khl.ru/text/897792.html","text"
897793,"Трактор","Амур","2025-11-20T17:00:00+03:00","2025-11-20T14:00:00+00:00","https://text.khl.ru/text/897793.html","text"
897794,"Автомобилист","Металлург Мг","2025-11-20T17:00:00+03:00","2025-11-20T14:00:00+00:00","https://text.khl.ru/text/897794.html","text"
897796,"Северсталь","Адмирал","2025-11-20T19:00:00+03:00","2025-11-20T16:00:00+00:00","https://text.khl.ru/text/897796.html","text"
897797,"Торпедо","Спартак","2025-11-20T19:00:00+03:00","2025-11-20T16:00:00+00:00","https://text.khl.ru/text/897797.html","text"
897798,"Динамо Мн","ЦСКА","2025-11-20T19:10:00+03:00","2025-11-20T16:10:00+00:00","https://text.khl.ru/text/897798.html","text"
897795,"Динамо М","Сибирь","2025-11-20T19:30:00+03:00","2025-11-20T16:30:00+00:00","https://text.khl.ru/text/897795.html","text"
897800,"Барыс","Салават Юлаев","2025-11-21T17:30:00+03:00","2025-11-21T14:30:00+00:00","https://text.khl.ru/text/897800.html","text"
897799,"Нефтехимик","Ак Барс","2025-11-21T19:00:00+03:00","2025-11-21T16:00:00+00:00","https://text.khl.ru/text/897799.html","text"
897802,"Металлург Мг","Адмирал","2025-11-22T14:30:00+03:00","2025-11-22T11:30:00+00:00","https://text.khl.ru/text/897802.html","text"
897801,"ХК Сочи","Сибирь","2025-11-22T17:00:00+03:00","2025-11-22T14:00:00+00:00","https://text.khl.ru/text/897801.html","text"
897804,"Локомотив","Амур","2025-11-22T17:00:00+03:00","2025-11-22T14:00:00+00:00","https://text.khl.ru/text/897804.html","text"
897803,"Динамо Мн","Спартак","2025-11-22T17:10:00+03:00","2025-11-22T14:10:00+00:00","https://text.khl.ru/text/897803.html","text"
897806,"Нефтехимик","Салават Юлаев","2025-11-23T14:00:00+03:00","2025-11-23T11:00:00+00:00","https://text.khl.ru/text/897806.html","text"
897805,"Барыс","Авангард","2025-11-23T15:00:00+03:00","2025-11-23T12:00:00+00:00","https://text.khl.ru/text/897805.html","text"
897807,"Драконы","Ак Барс","2025-11-23T17:00:00+03:00","2025-11-23T14:00:00+00:00","https://text.khl.ru/text/897807.html","text"
897808,"Северсталь","Лада","2025-11-23T17:00:00+03:00","2025-11-23T14:00:00+00:00","https://text.khl.ru/text/897808.html","text"
897811,"Локомотив","Сибирь","2025-11-24T19:00:00+03:00","2025-11-24T16:00:00+00:00","https://text.khl.ru/text/897811.html","text"
897809,"Динамо М","Амур","2025-11-24T19:30:00+03:00","2025-11-24T16:30:00+00:00","https://text.khl.ru/text/897809.html","text"
897810,"ЦСКА","СКА","2025-11-24T19:30:00+03:00","2025-11-24T16:30:00+00:00","https://text.khl.ru/text/897810.html","text"
